{"metadata":{"asset_id":"1f049385-bbf7-40ea-92ba-1b42055ed8c7","asset_attributes":["data_asset"],"name":"Telco-Customer-Churn-SmallBatchSet.csv","asset_type":"data_asset","created_at":"2020-09-21T14:48:41Z","description":"","origin_country":"us","owner_id":"1000331003","project_id":"65d19213-0a99-4bd4-b09b-49adad58659e","sandbox_id":"65d19213-0a99-4bd4-b09b-49adad58659e","size":1504,"tags":[],"usage":{"last_update_time":1600699721939,"last_updated_at":"2020-09-21T14:48:41Z"}},"entity":{"data_asset":{"mime_type":"text/csv","dataset":false}},"attachments":[{"id":"96d3b9a6-b255-43e0-9c8a-9d82d6948824","version":2,"asset_type":"data_asset","name":"Telco-Customer-Churn-SmallBatchSet.csv","mime":"text/csv","object_key":"data_asset/Telco-Customer-Churn-SmallBatchSet.csv","create_time":1600699721770,"size":1504,"is_remote":false,"is_managed":false,"is_referenced":true,"is_object_key_read_only":false,"is_user_provided_path_key":true,"transfer_complete":true,"is_partitioned":false,"complete_time_ticks":1600699721770,"user_data":{},"test_doc":0,"handle":{"key":"data_asset/Telco-Customer-Churn-SmallBatchSet.csv","upload_id":"done","max_part_num":1},"usage":{"access_count":0,"last_accessor_id":"icp4d-dev","last_access_time":1600699721770}}]}