{"metadata":{"asset_id":"84aad018-9088-4ba6-9f2c-402956915acc","asset_attributes":["data_asset"],"name":"Telco-Customer-Churn.csv","asset_type":"data_asset","created_at":"2020-08-24T19:28:49Z","description":"","origin_country":"us","owner_id":"1000331005","project_id":"f6ccc8f1-0e52-4f3c-8498-07dc25a631ab","sandbox_id":"f6ccc8f1-0e52-4f3c-8498-07dc25a631ab","size":977501,"tags":[],"usage":{"last_update_time":1598297330191,"last_updated_at":"2020-08-24T19:28:50Z"}},"entity":{"data_asset":{"mime_type":"text/csv","dataset":false}},"attachments":[{"id":"ad65ff1e-7776-43e3-801d-21b758f5efed","version":2,"asset_type":"data_asset","name":"Telco-Customer-Churn.csv","mime":"text/csv","object_key":"data_asset/Telco-Customer-Churn.csv","create_time":1598297330025,"size":977501,"is_remote":false,"is_managed":false,"is_referenced":true,"is_object_key_read_only":false,"is_user_provided_path_key":true,"transfer_complete":true,"is_partitioned":false,"complete_time_ticks":1598297330025,"user_data":{},"test_doc":0,"handle":{"key":"data_asset/Telco-Customer-Churn.csv","upload_id":"done","max_part_num":1},"usage":{"access_count":0,"last_accessor_id":"icp4d-dev","last_access_time":1598297330025}}]}