{"metadata":{"asset_id":"5b55f47d-9b5f-453d-b5cb-153ce037a3e3","asset_attributes":["data_asset"],"name":"Customer-Churn-Full.csv","asset_type":"data_asset","created_at":"2020-03-30T18:33:18Z","description":"","origin_country":"us","owner_id":"1000331001","project_id":"43607dbe-64f4-4d1a-88b0-b518f1c7b234","sandbox_id":"43607dbe-64f4-4d1a-88b0-b518f1c7b234","size":977501,"tags":[],"usage":{"last_update_time":1585593838079,"last_updated_at":"2020-03-30T18:43:58Z"}},"entity":{"data_asset":{"mime_type":"text/csv","dataset":false}},"attachments":[{"id":"3f43c0d0-204f-4ad5-9664-cc6605dbe840","version":2,"asset_type":"data_asset","name":"Telco-Customer-Churn.csv","mime":"text/csv","object_key":"data_asset/Telco-Customer-Churn.csv","create_time":1585593198878,"size":977501,"is_remote":false,"is_managed":false,"is_referenced":true,"is_object_key_read_only":true,"is_user_provided_path_key":true,"transfer_complete":true,"is_partitioned":false,"complete_time_ticks":1585593198878,"user_data":{},"test_doc":0,"handle":{"key":"data_asset/Telco-Customer-Churn.csv","upload_id":"done","max_part_num":1},"usage":{"access_count":0,"last_accessor_id":"1000331001","last_access_time":1585593198878}}]}