{"metadata":{"asset_id":"9990b922-7c1d-4575-9326-e8ecac5e03d2","asset_attributes":["data_asset"],"name":"Telco-Customer-Churn.csv","asset_type":"data_asset","created_at":"2020-07-29T17:34:30Z","description":"","origin_country":"us","owner_id":"1000331053","project_id":"bca519c0-da3a-423a-9af8-e6732d4e9266","sandbox_id":"bca519c0-da3a-423a-9af8-e6732d4e9266","size":977501,"tags":[],"usage":{"last_update_time":1596044070832,"last_updated_at":"2020-07-29T17:34:30Z"}},"entity":{"data_asset":{"mime_type":"text/csv","dataset":false}},"attachments":[{"id":"94bf5fb2-5227-488f-9328-6b32f1e6560c","version":2,"asset_type":"data_asset","name":"Telco-Customer-Churn.csv","mime":"text/csv","datasource_type":"81bafdbd-b7c6-45c5-a4fd-6ec135f66f4e","object_key":"data_asset/Telco-Customer-Churn.csv","creator_id":"icp4d-dev","create_time":1596044070717,"size":977501,"is_remote":false,"is_managed":false,"is_referenced":true,"is_object_key_read_only":false,"is_user_provided_path_key":true,"transfer_complete":true,"is_partitioned":false,"complete_time_ticks":1596044070717,"user_data":{},"test_doc":0,"handle":{"key":"data_asset/Telco-Customer-Churn.csv","upload_id":"done","max_part_num":1},"usage":{"access_count":0,"last_accessor_id":"icp4d-dev","last_access_time":1596044070717}}]}