{"metadata":{"asset_id":"c5989f1f-5eed-47f9-a3aa-9ed2ff81fc20","asset_attributes":["data_asset"],"name":"Telco-Customer-Churn.csv","asset_type":"data_asset","created_at":"2020-09-21T14:48:41Z","description":"","origin_country":"us","owner_id":"1000331003","project_id":"65d19213-0a99-4bd4-b09b-49adad58659e","sandbox_id":"65d19213-0a99-4bd4-b09b-49adad58659e","size":977501,"tags":[],"usage":{"last_update_time":1600699721831,"last_updated_at":"2020-09-21T14:48:41Z"}},"entity":{"data_asset":{"mime_type":"text/csv","dataset":false}},"attachments":[{"id":"813526ba-cc46-484b-a009-c8c6808ad7b4","version":2,"asset_type":"data_asset","name":"Telco-Customer-Churn.csv","mime":"text/csv","object_key":"data_asset/Telco-Customer-Churn.csv","create_time":1600699721766,"size":977501,"is_remote":false,"is_managed":false,"is_referenced":true,"is_object_key_read_only":false,"is_user_provided_path_key":true,"transfer_complete":true,"is_partitioned":false,"complete_time_ticks":1600699721766,"user_data":{},"test_doc":0,"handle":{"key":"data_asset/Telco-Customer-Churn.csv","upload_id":"done","max_part_num":1},"usage":{"access_count":0,"last_accessor_id":"icp4d-dev","last_access_time":1600699721766}}]}