{"metadata":{"asset_id":"463c7051-e8c0-4e4f-893f-8dc97c1321a1","asset_attributes":["notebook"],"name":"openscale-full-configuration","asset_type":"notebook","created_at":"2020-06-03T20:25:00Z","description":"","origin_country":"us","owner_id":"1000331003","project_id":"1add708a-9636-4bc1-862a-6cec7faee528","sandbox_id":"1add708a-9636-4bc1-862a-6cec7faee528","size":57184,"tags":["notebook"],"usage":{"last_update_time":1591220185440,"last_updated_at":"2020-06-03T21:36:25Z"}},"entity":{"notebook":{"kernel":{"name":"python3","display_name":"Python 3.6","language":"python"},"originates_from":{"type":"file"},"runtime":{"environment":"jupconda36-1add708a-9636-4bc1-862a-6cec7faee528"}}},"attachments":[{"id":"19ebe5c6-e8fb-44af-9f1a-ee06bdc61f56","version":2,"asset_type":"notebook","name":"attachment for notebook 463c7051-e8c0-4e4f-893f-8dc97c1321a1","description":"attachment for notebook 463c7051-e8c0-4e4f-893f-8dc97c1321a1","mime":"application/json","object_key":"notebook/openscale-full-configuration_u67tyahz8.ipynb","create_time":1591215901013,"size":57184,"is_remote":false,"is_managed":false,"is_referenced":true,"is_object_key_read_only":false,"is_user_provided_path_key":true,"transfer_complete":true,"is_partitioned":false,"complete_time_ticks":1591215901013,"user_data":{},"test_doc":0,"handle":{"key":"notebook/openscale-full-configuration_u67tyahz8.ipynb","upload_id":"done","max_part_num":1},"usage":{"access_count":0,"last_accessor_id":"1000331003","last_access_time":1591215901013}}]}