{"metadata":{"asset_id":"908a877e-a89f-4bbf-9ef0-0c965fd9754e","asset_attributes":["notebook"],"name":"openscale-initial-setup","asset_type":"notebook","created_at":"2020-08-24T19:29:45Z","description":"","origin_country":"us","owner_id":"1000331005","project_id":"f6ccc8f1-0e52-4f3c-8498-07dc25a631ab","sandbox_id":"f6ccc8f1-0e52-4f3c-8498-07dc25a631ab","size":15929,"tags":["notebook"],"usage":{"last_update_time":1598297385590,"last_updated_at":"2020-08-24T19:29:45Z"}},"entity":{"notebook":{"kernel":"","originates_from":{"type":"file"},"runtime":{"environment":"jupconda36-f6ccc8f1-0e52-4f3c-8498-07dc25a631ab"}}},"attachments":[{"id":"113cc48c-749f-473b-96ca-8ebfdf736ca8","version":2,"asset_type":"notebook","name":"attachment for notebook 908a877e-a89f-4bbf-9ef0-0c965fd9754e","description":"attachment for notebook 908a877e-a89f-4bbf-9ef0-0c965fd9754e","mime":"application/json","object_key":"notebook/openscale-initial-setup_ndX_OhRVe.ipynb","create_time":1598297385589,"size":15929,"is_remote":false,"is_managed":false,"is_referenced":true,"is_object_key_read_only":false,"is_user_provided_path_key":true,"transfer_complete":true,"is_partitioned":false,"complete_time_ticks":1598297385589,"user_data":{},"test_doc":0,"handle":{"key":"notebook/openscale-initial-setup_ndX_OhRVe.ipynb","upload_id":"done","max_part_num":1},"usage":{"access_count":0,"last_accessor_id":"1000331005","last_access_time":1598297385589}}]}