{"metadata":{"asset_id":"18b411ca-720b-4ee2-8095-26cc61c9b902","asset_attributes":["notebook"],"name":"machinelearning-churn-batchscoring","asset_type":"notebook","created_at":"2020-06-03T20:23:13Z","description":"","origin_country":"us","owner_id":"1000331003","project_id":"1add708a-9636-4bc1-862a-6cec7faee528","sandbox_id":"1add708a-9636-4bc1-862a-6cec7faee528","size":8337,"tags":["notebook"],"usage":{"last_update_time":1591233403255,"last_updated_at":"2020-06-04T01:16:43Z"}},"entity":{"notebook":{"kernel":{"name":"python3","display_name":"Python 3.6","language":"python"},"originates_from":{"type":"file"},"runtime":{"environment":"jupconda36-1add708a-9636-4bc1-862a-6cec7faee528"}}},"attachments":[{"id":"cd8c9497-6590-4d05-9850-36a504e5edcd","version":2,"asset_type":"notebook","name":"attachment for notebook 18b411ca-720b-4ee2-8095-26cc61c9b902","description":"attachment for notebook 18b411ca-720b-4ee2-8095-26cc61c9b902","mime":"application/json","object_key":"notebook/machinelearning-churn-batchscoring_wNKE6bbMa.ipynb","create_time":1591215793752,"size":8337,"is_remote":false,"is_managed":false,"is_referenced":true,"is_object_key_read_only":false,"is_user_provided_path_key":true,"transfer_complete":true,"is_partitioned":false,"complete_time_ticks":1591215793752,"user_data":{},"test_doc":0,"handle":{"key":"notebook/machinelearning-churn-batchscoring_wNKE6bbMa.ipynb","upload_id":"done","max_part_num":1},"usage":{"access_count":0,"last_accessor_id":"1000331003","last_access_time":1591215793752}}]}