{"metadata":{"asset_id":"b202ffe3-f511-46a6-81a3-cbcd917e59c7","asset_attributes":["notebook"],"name":"openscale-full-configuration","asset_type":"notebook","created_at":"2020-07-29T17:34:31Z","description":"","origin_country":"us","owner_id":"1000331053","project_id":"bca519c0-da3a-423a-9af8-e6732d4e9266","sandbox_id":"bca519c0-da3a-423a-9af8-e6732d4e9266","size":57355,"tags":["notebook"],"usage":{"last_update_time":1596050744832,"last_updated_at":"2020-07-29T19:25:44Z"}},"entity":{"notebook":{"kernel":{"name":"python3","display_name":"Python 3.6","language":"python"},"originates_from":{"type":"file"},"runtime":{"environment":"jupconda36-bca519c0-da3a-423a-9af8-e6732d4e9266"}}},"attachments":[{"id":"25324786-cfa1-43cb-acf2-7c30537b0c24","version":2,"asset_type":"notebook","name":"attachment for notebook b202ffe3-f511-46a6-81a3-cbcd917e59c7","description":"attachment for notebook b202ffe3-f511-46a6-81a3-cbcd917e59c7","mime":"application/json","datasource_type":"81bafdbd-b7c6-45c5-a4fd-6ec135f66f4e","object_key":"notebook/openscale-full-configuration_u67tyahz8.ipynb","creator_id":"icp4d-dev","create_time":1596044071157,"size":57355,"is_remote":false,"is_managed":false,"is_referenced":true,"is_object_key_read_only":false,"is_user_provided_path_key":true,"transfer_complete":true,"is_partitioned":false,"complete_time_ticks":1596044071157,"user_data":{},"test_doc":0,"handle":{"key":"notebook/openscale-full-configuration_u67tyahz8.ipynb","upload_id":"done","max_part_num":1},"usage":{"access_count":0,"last_accessor_id":"icp4d-dev","last_access_time":1596044071157}}]}