{"metadata":{"asset_id":"8463ba93-2683-49ea-ad4f-64cfeed38e03","asset_attributes":["notebook"],"name":"openscale-historic-data","asset_type":"notebook","created_at":"2020-08-24T19:32:52Z","description":"","origin_country":"us","owner_id":"1000331005","project_id":"f6ccc8f1-0e52-4f3c-8498-07dc25a631ab","sandbox_id":"f6ccc8f1-0e52-4f3c-8498-07dc25a631ab","size":22201,"tags":["notebook"],"usage":{"last_update_time":1598297573429,"last_updated_at":"2020-08-24T19:32:53Z"}},"entity":{"notebook":{"kernel":"","originates_from":{"type":"file"},"runtime":{"environment":"jupconda36-f6ccc8f1-0e52-4f3c-8498-07dc25a631ab"}}},"attachments":[{"id":"cc762cd5-e1a4-44bf-8ccb-3ae0d7e0b9af","version":2,"asset_type":"notebook","name":"attachment for notebook 8463ba93-2683-49ea-ad4f-64cfeed38e03","description":"attachment for notebook 8463ba93-2683-49ea-ad4f-64cfeed38e03","mime":"application/json","object_key":"notebook/openscale-historic-data_aoUks1-nk.ipynb","create_time":1598297573429,"size":22201,"is_remote":false,"is_managed":false,"is_referenced":true,"is_object_key_read_only":false,"is_user_provided_path_key":true,"transfer_complete":true,"is_partitioned":false,"complete_time_ticks":1598297573429,"user_data":{},"test_doc":0,"handle":{"key":"notebook/openscale-historic-data_aoUks1-nk.ipynb","upload_id":"done","max_part_num":1},"usage":{"access_count":0,"last_accessor_id":"1000331005","last_access_time":1598297573429}}]}