{"metadata":{"asset_id":"45564d13-e4b7-4614-af40-502e206c1402","asset_attributes":["notebook"],"name":"machinelearning-churn-sparkmlmodel","asset_type":"notebook","created_at":"2020-06-03T20:24:15Z","description":"","origin_country":"us","owner_id":"1000331003","project_id":"1add708a-9636-4bc1-862a-6cec7faee528","sandbox_id":"1add708a-9636-4bc1-862a-6cec7faee528","size":23098,"tags":["notebook"],"usage":{"last_update_time":1591233349034,"last_updated_at":"2020-06-04T01:15:49Z"}},"entity":{"notebook":{"kernel":{"name":"python3","display_name":"Python 3.6","language":"python"},"originates_from":{"type":"file"},"runtime":{"environment":"jupconda36-1add708a-9636-4bc1-862a-6cec7faee528"}}},"attachments":[{"id":"0412dd9b-c600-4c11-ad66-1e104790b262","version":2,"asset_type":"notebook","name":"attachment for notebook 45564d13-e4b7-4614-af40-502e206c1402","description":"attachment for notebook 45564d13-e4b7-4614-af40-502e206c1402","mime":"application/json","object_key":"notebook/machinelearning-churn-sparkmlmodel__nD_u9IxH.ipynb","create_time":1591215856105,"size":23098,"is_remote":false,"is_managed":false,"is_referenced":true,"is_object_key_read_only":false,"is_user_provided_path_key":true,"transfer_complete":true,"is_partitioned":false,"complete_time_ticks":1591215856105,"user_data":{},"test_doc":0,"handle":{"key":"notebook/machinelearning-churn-sparkmlmodel__nD_u9IxH.ipynb","upload_id":"done","max_part_num":1},"usage":{"access_count":0,"last_accessor_id":"1000331003","last_access_time":1591215856105}}]}