{"metadata":{"asset_id":"ad6cac3b-6015-4522-a1c4-c08447666518","asset_attributes":["notebook"],"name":"openscale-historic-data","asset_type":"notebook","created_at":"2020-09-21T14:48:42Z","description":"","origin_country":"us","owner_id":"1000331003","project_id":"65d19213-0a99-4bd4-b09b-49adad58659e","sandbox_id":"65d19213-0a99-4bd4-b09b-49adad58659e","size":22201,"tags":["notebook"],"usage":{"last_update_time":1600699722512,"last_updated_at":"2020-09-21T14:48:42Z"}},"entity":{"notebook":{"kernel":"","originates_from":{"type":"file"},"runtime":{"environment":"jupconda36-65d19213-0a99-4bd4-b09b-49adad58659e"}}},"attachments":[{"id":"38925eef-2317-49ba-8dbd-ecd65524f64a","version":2,"asset_type":"notebook","name":"attachment for notebook ad6cac3b-6015-4522-a1c4-c08447666518","description":"attachment for notebook ad6cac3b-6015-4522-a1c4-c08447666518","mime":"application/json","object_key":"notebook/openscale-historic-data_aoUks1-nk.ipynb","create_time":1600699722351,"size":22201,"is_remote":false,"is_managed":false,"is_referenced":true,"is_object_key_read_only":false,"is_user_provided_path_key":true,"transfer_complete":true,"is_partitioned":false,"complete_time_ticks":1600699722351,"user_data":{},"test_doc":0,"handle":{"key":"notebook/openscale-historic-data_aoUks1-nk.ipynb","upload_id":"done","max_part_num":1},"usage":{"access_count":0,"last_accessor_id":"icp4d-dev","last_access_time":1600699722351}}]}